INSERT INTO public.connection VALUES (1, 1, '192.0.0.1', '2021-03-17 09:09:12', NULL);
INSERT INTO public.connection VALUES (2, 2, '192.0.0.1', '2021-03-17 11:30:34', NULL);
INSERT INTO public.connection VALUES (3, 3, '192.0.0.1', '2021-03-17 16:16:56', NULL);
INSERT INTO public.connection VALUES (4, 1, '192.0.0.1', '2021-03-16 09:34:31', '2021-03-16 10:10:09');
INSERT INTO public.connection VALUES (5, 2, '192.0.0.1', '2021-03-16 08:14:12', '2021-03-16 09:02:26');
INSERT INTO public.connection VALUES (6, 3, '192.0.0.1', '2021-03-16 11:21:45', '2021-03-16 12:01:34');
INSERT INTO public.connection VALUES (7, 10, '127.0.0.1', '2021-04-09 13:38:35.664707', NULL);
INSERT INTO public.connection VALUES (8, 5, '127.0.0.1', '2021-04-09 13:43:54.571734', NULL);
INSERT INTO public.connection VALUES (9, 10, '127.0.0.1', '2021-04-09 13:58:22.518929', '2021-04-09 13:58:34.917987');
INSERT INTO public.connection VALUES (156, 7, '127.0.0.1', '2021-04-16 11:15:46.453228', '2021-04-16 13:17:46.832144');
INSERT INTO public.connection VALUES (10, 11, '127.0.0.1', '2021-04-09 14:07:14.759588', '2021-04-09 14:07:31.604203');
INSERT INTO public.connection VALUES (11, 11, '127.0.0.1', '2021-04-09 14:07:40.868267', NULL);
INSERT INTO public.connection VALUES (12, 10, '127.0.0.1', '2021-04-09 14:21:23.555068', '2021-04-09 14:34:50.344027');
INSERT INTO public.connection VALUES (13, 7, '127.0.0.1', '2021-04-09 14:35:12.315964', '2021-04-10 08:21:13.835185');
INSERT INTO public.connection VALUES (14, 5, '127.0.0.1', '2021-04-10 08:21:26.587258', '2021-04-10 13:39:37.716384');
INSERT INTO public.connection VALUES (15, 10, '127.0.0.1', '2021-04-10 13:39:44.288743', '2021-04-10 13:39:54.683864');
INSERT INTO public.connection VALUES (16, 7, '127.0.0.1', '2021-04-10 13:40:03.341918', '2021-04-10 13:42:11.692324');
INSERT INTO public.connection VALUES (17, 5, '127.0.0.1', '2021-04-10 13:42:19.309226', '2021-04-10 14:40:04.645748');
INSERT INTO public.connection VALUES (50, 7, '127.0.0.1', '2021-04-10 14:40:11.965752', '2021-04-10 14:40:35.460149');
INSERT INTO public.connection VALUES (51, 5, '127.0.0.1', '2021-04-10 14:40:56.429697', '2021-04-10 15:12:17.832717');
INSERT INTO public.connection VALUES (52, 7, '127.0.0.1', '2021-04-10 15:12:28.185955', '2021-04-10 15:12:59.031504');
INSERT INTO public.connection VALUES (53, 5, '127.0.0.1', '2021-04-10 15:13:09.193894', NULL);
INSERT INTO public.connection VALUES (54, 7, '127.0.0.1', '2021-04-10 15:32:18.513136', '2021-04-10 15:32:29.671325');
INSERT INTO public.connection VALUES (55, 5, '127.0.0.1', '2021-04-10 15:32:40.280982', '2021-04-12 12:45:30.409489');
INSERT INTO public.connection VALUES (87, 10, '127.0.0.1', '2021-04-12 12:45:45.645675', '2021-04-12 13:00:16.807699');
INSERT INTO public.connection VALUES (88, 10, '127.0.0.1', '2021-04-12 13:09:34.802036', '2021-04-13 08:12:03.558215');
INSERT INTO public.connection VALUES (89, 5, '127.0.0.1', '2021-04-13 08:12:12.493594', '2021-04-13 08:51:29.598237');
INSERT INTO public.connection VALUES (90, 10, '127.0.0.1', '2021-04-13 08:51:41.297319', '2021-04-13 08:52:18.846314');
INSERT INTO public.connection VALUES (91, 11, '127.0.0.1', '2021-04-13 08:52:30.112342', '2021-04-13 08:53:21.910883');
INSERT INTO public.connection VALUES (92, 5, '127.0.0.1', '2021-04-13 08:53:41.383837', NULL);
INSERT INTO public.connection VALUES (93, 5, '127.0.0.1', '2021-04-13 09:02:30.709666', '2021-04-13 09:18:49.496513');
INSERT INTO public.connection VALUES (95, 10, '127.0.0.1', '2021-04-13 09:20:57.544856', '2021-04-13 09:27:43.591091');
INSERT INTO public.connection VALUES (96, 7, '127.0.0.1', '2021-04-13 09:27:51.255378', '2021-04-13 09:27:58.533573');
INSERT INTO public.connection VALUES (97, 6, '127.0.0.1', '2021-04-13 09:28:19.406853', '2021-04-13 09:28:37.629229');
INSERT INTO public.connection VALUES (98, 10, '127.0.0.1', '2021-04-13 09:28:46.670907', '2021-04-13 09:28:58.447933');
INSERT INTO public.connection VALUES (99, 6, '127.0.0.1', '2021-04-13 09:29:07.086593', '2021-04-13 09:48:17.775665');
INSERT INTO public.connection VALUES (100, 7, '127.0.0.1', '2021-04-13 09:48:26.218012', '2021-04-13 10:24:53.663931');
INSERT INTO public.connection VALUES (101, 5, '127.0.0.1', '2021-04-13 10:25:06.345709', '2021-04-13 10:26:37.103939');
INSERT INTO public.connection VALUES (102, 10, '127.0.0.1', '2021-04-13 10:26:48.265738', '2021-04-13 10:28:28.839395');
INSERT INTO public.connection VALUES (103, 8, '127.0.0.1', '2021-04-13 10:28:54.008168', '2021-04-13 11:24:06.833981');
INSERT INTO public.connection VALUES (104, 10, '127.0.0.1', '2021-04-13 11:24:37.568732', '2021-04-13 11:30:39.465051');
INSERT INTO public.connection VALUES (105, 8, '127.0.0.1', '2021-04-13 11:30:49.265373', NULL);
INSERT INTO public.connection VALUES (106, 10, '127.0.0.1', '2021-04-13 12:38:43.822637', '2021-04-13 12:48:39.523149');
INSERT INTO public.connection VALUES (107, 8, '127.0.0.1', '2021-04-13 12:48:51.180363', '2021-04-13 12:56:06.063498');
INSERT INTO public.connection VALUES (108, 10, '127.0.0.1', '2021-04-13 12:56:15.400867', '2021-04-14 11:12:33.775144');
INSERT INTO public.connection VALUES (109, 5, '127.0.0.1', '2021-04-14 11:12:46.145278', '2021-04-14 12:54:52.879201');
INSERT INTO public.connection VALUES (110, 6, '127.0.0.1', '2021-04-14 12:55:02.957671', '2021-04-14 12:55:22.036454');
INSERT INTO public.connection VALUES (111, 8, '127.0.0.1', '2021-04-14 12:55:40.189277', '2021-04-14 12:56:13.531722');
INSERT INTO public.connection VALUES (112, 10, '127.0.0.1', '2021-04-14 12:56:20.694522', '2021-04-14 14:54:31.732321');
INSERT INTO public.connection VALUES (113, 5, '127.0.0.1', '2021-04-14 14:55:23.428228', NULL);
INSERT INTO public.connection VALUES (146, 10, '127.0.0.1', '2021-04-15 07:41:19.573007', '2021-04-15 13:01:52.414223');
INSERT INTO public.connection VALUES (147, 10, '127.0.0.1', '2021-04-15 13:02:56.042934', '2021-04-15 14:25:24.425483');
INSERT INTO public.connection VALUES (94, 11, '127.0.0.1', '2021-04-13 09:18:58.898164', '2021-04-15 14:27:22.942417');
INSERT INTO public.connection VALUES (157, 13, '127.0.0.1', '2021-04-16 13:17:58.005438', '2021-04-16 13:24:04.747418');
INSERT INTO public.connection VALUES (148, 13, '127.0.0.1', '2021-04-15 14:27:37.211808', '2021-04-15 14:27:52.133225');
INSERT INTO public.connection VALUES (149, 13, '127.0.0.1', '2021-04-15 14:28:05.509814', '2021-04-15 14:30:02.700457');
INSERT INTO public.connection VALUES (150, 10, '127.0.0.1', '2021-04-15 14:30:12.045559', '2021-04-15 14:31:36.788421');
INSERT INTO public.connection VALUES (151, 13, '127.0.0.1', '2021-04-15 14:31:48.541572', '2021-04-15 14:32:01.09321');
INSERT INTO public.connection VALUES (158, 10, '127.0.0.1', '2021-04-16 13:24:13.108564', NULL);
INSERT INTO public.connection VALUES (159, 5, '127.0.0.1', '2021-04-16 14:40:46.199829', '2021-04-20 10:34:07.573214');
INSERT INTO public.connection VALUES (152, 10, '127.0.0.1', '2021-04-15 14:32:10.30091', '2021-04-16 08:16:54.11787');
INSERT INTO public.connection VALUES (153, 10, '127.0.0.1', '2021-04-16 08:17:00.659327', NULL);
INSERT INTO public.connection VALUES (160, 10, '127.0.0.1', '2021-04-20 10:41:01.12153', '2021-04-20 10:41:55.985741');
INSERT INTO public.connection VALUES (154, 10, '127.0.0.1', '2021-04-16 08:18:11.006784', '2021-04-16 11:13:25.955014');
INSERT INTO public.connection VALUES (155, 10, '127.0.0.1', '2021-04-16 11:13:36.860695', '2021-04-16 11:13:38.628132');
INSERT INTO public.connection VALUES (161, 5, '127.0.0.1', '2021-04-20 10:42:08.53004', '2021-04-20 10:44:01.377067');
INSERT INTO public.connection VALUES (162, 10, '127.0.0.1', '2021-04-20 10:44:10.641893', '2021-04-20 11:10:29.430875');
INSERT INTO public.connection VALUES (182, 5, '127.0.0.1', '2021-04-22 12:42:45.533452', '2021-04-22 12:43:20.037398');
INSERT INTO public.connection VALUES (164, 10, '127.0.0.1', '2021-04-20 11:11:08.079807', '2021-04-20 11:21:03.925715');
INSERT INTO public.connection VALUES (165, 11, '127.0.0.1', '2021-04-20 11:21:15.326292', '2021-04-20 11:21:45.588513');
INSERT INTO public.connection VALUES (166, 7, '127.0.0.1', '2021-04-20 11:21:55.525104', '2021-04-20 11:22:02.844196');
INSERT INTO public.connection VALUES (167, 10, '127.0.0.1', '2021-04-20 11:22:14.918195', NULL);
INSERT INTO public.connection VALUES (163, 5, '127.0.0.1', '2021-04-20 11:10:40.81513', '2021-04-20 14:24:42.583537');
INSERT INTO public.connection VALUES (168, 10, '127.0.0.1', '2021-04-20 14:24:52.00262', '2021-04-21 12:15:17.450256');
INSERT INTO public.connection VALUES (169, 13, '127.0.0.1', '2021-04-21 12:15:29.504109', '2021-04-21 12:28:28.309262');
INSERT INTO public.connection VALUES (170, 10, '127.0.0.1', '2021-04-21 12:28:38.790941', '2021-04-22 07:43:08.7196');
INSERT INTO public.connection VALUES (172, 13, '127.0.0.1', '2021-04-22 07:43:21.114072', '2021-04-22 07:43:42.63869');
INSERT INTO public.connection VALUES (173, 6, '127.0.0.1', '2021-04-22 07:43:54.648283', '2021-04-22 07:44:12.880815');
INSERT INTO public.connection VALUES (174, 10, '127.0.0.1', '2021-04-22 07:44:23.338312', NULL);
INSERT INTO public.connection VALUES (171, 7, '127.0.0.1', '2021-04-21 12:53:48.032358', '2021-04-22 09:04:56.424435');
INSERT INTO public.connection VALUES (175, 11, '127.0.0.1', '2021-04-22 09:05:07.064773', '2021-04-22 09:06:50.950958');
INSERT INTO public.connection VALUES (176, 8, '127.0.0.1', '2021-04-22 09:07:59.800165', '2021-04-22 09:15:13.430321');
INSERT INTO public.connection VALUES (177, 11, '127.0.0.1', '2021-04-22 09:15:22.519383', '2021-04-22 09:16:43.813666');
INSERT INTO public.connection VALUES (178, 8, '127.0.0.1', '2021-04-22 09:16:59.519007', '2021-04-22 09:17:12.834228');
INSERT INTO public.connection VALUES (179, 11, '127.0.0.1', '2021-04-22 09:17:23.038738', '2021-04-22 10:35:38.254489');
INSERT INTO public.connection VALUES (181, 6, '127.0.0.1', '2021-04-22 10:35:49.45193', NULL);
INSERT INTO public.connection VALUES (180, 10, '127.0.0.1', '2021-04-22 09:36:39.574863', '2021-04-22 12:42:36.255176');
INSERT INTO public.connection VALUES (198, 8, '127.0.0.1', '2021-04-26 07:57:52.123864', '2021-04-26 09:19:02.458493');
INSERT INTO public.connection VALUES (184, 10, '127.0.0.1', '2021-04-22 13:06:03.04459', '2021-04-22 13:34:35.958');
INSERT INTO public.connection VALUES (183, 6, '127.0.0.1', '2021-04-22 12:43:30.595384', '2021-04-22 13:37:04.953305');
INSERT INTO public.connection VALUES (185, 14, '127.0.0.1', '2021-04-22 13:37:16.050529', '2021-04-22 13:42:26.571364');
INSERT INTO public.connection VALUES (186, 10, '127.0.0.1', '2021-04-22 13:42:40.69291', '2021-04-23 08:13:51.627854');
INSERT INTO public.connection VALUES (190, 10, '127.0.0.1', '2021-04-23 08:36:20.049922', '2021-04-23 10:41:01.132707');
INSERT INTO public.connection VALUES (187, 14, '127.0.0.1', '2021-04-23 08:14:12.235284', '2021-04-23 08:15:41.742634');
INSERT INTO public.connection VALUES (188, 10, '127.0.0.1', '2021-04-23 08:15:00.044501', '2021-04-23 08:35:59.520409');
INSERT INTO public.connection VALUES (189, 6, '127.0.0.1', '2021-04-23 08:15:52.680207', '2021-04-23 09:44:04.83718');
INSERT INTO public.connection VALUES (191, 13, '127.0.0.1', '2021-04-23 09:44:16.569209', '2021-04-23 09:44:29.828814');
INSERT INTO public.connection VALUES (192, 8, '127.0.0.1', '2021-04-23 09:44:45.686402', NULL);
INSERT INTO public.connection VALUES (193, 10, '127.0.0.1', '2021-04-23 10:41:10.493187', NULL);
INSERT INTO public.connection VALUES (194, 10, '127.0.0.1', '2021-04-23 10:44:18.886854', '2021-04-24 08:58:18.645205');
INSERT INTO public.connection VALUES (195, 7, '127.0.0.1', '2021-04-24 08:58:32.94313', '2021-04-24 08:59:22.31927');
INSERT INTO public.connection VALUES (197, 10, '127.0.0.1', '2021-04-26 07:38:12.758543', '2021-04-26 07:57:40.005897');
INSERT INTO public.connection VALUES (196, 11, '127.0.0.1', '2021-04-24 08:59:33.642148', '2021-04-26 11:45:00.100373');
INSERT INTO public.connection VALUES (200, 14, '127.0.0.1', '2021-04-26 11:45:20.635857', '2021-04-26 13:13:11.381326');
INSERT INTO public.connection VALUES (201, 13, '127.0.0.1', '2021-04-26 13:13:23.157029', '2021-04-26 13:19:51.690812');
INSERT INTO public.connection VALUES (202, 15, '127.0.0.1', '2021-04-26 13:23:00.460514', '2021-04-26 14:04:58.311089');
INSERT INTO public.connection VALUES (199, 10, '127.0.0.1', '2021-04-26 09:19:10.424524', '2021-04-26 14:50:24.077577');
INSERT INTO public.connection VALUES (204, 6, '127.0.0.1', '2021-04-26 14:50:39.846299', '2021-04-26 14:57:53.168623');
INSERT INTO public.connection VALUES (205, 10, '127.0.0.1', '2021-04-26 14:58:02.5898', NULL);
INSERT INTO public.connection VALUES (203, 9, '127.0.0.1', '2021-04-26 14:05:08.694842', '2021-04-27 09:47:43.371453');
INSERT INTO public.connection VALUES (207, 11, '127.0.0.1', '2021-04-27 10:42:22.983177', '2021-04-27 10:42:36.174603');
INSERT INTO public.connection VALUES (208, 17, '127.0.0.1', '2021-04-27 10:49:09.92838', '2021-04-27 10:59:16.824565');
INSERT INTO public.connection VALUES (209, 18, '127.0.0.1', '2021-04-27 11:04:00.696386', '2021-04-27 11:08:04.888658');
INSERT INTO public.connection VALUES (210, 19, '127.0.0.1', '2021-04-27 11:10:30.5769', '2021-04-27 11:15:33.999396');
INSERT INTO public.connection VALUES (206, 10, '127.0.0.1', '2021-04-27 10:41:53.65876', '2021-04-29 07:37:17.425807');
INSERT INTO public.connection VALUES (211, 18, '127.0.0.1', '2021-04-27 11:22:00.456913', '2021-04-28 09:44:28.560617');
INSERT INTO public.connection VALUES (212, 20, '127.0.0.1', '2021-04-28 11:19:25.864614', '2021-04-28 11:21:53.732644');
INSERT INTO public.connection VALUES (213, 21, '127.0.0.1', '2021-04-28 11:24:04.840074', '2021-04-28 11:26:31.830174');
INSERT INTO public.connection VALUES (214, 22, '127.0.0.1', '2021-04-28 11:28:14.896229', NULL);
INSERT INTO public.connection VALUES (215, 21, '127.0.0.1', '2021-04-29 07:37:31.389842', '2021-04-29 07:38:11.014706');
INSERT INTO public.connection VALUES (217, 21, '127.0.0.1', '2021-04-29 08:11:08.195388', NULL);
INSERT INTO public.connection VALUES (218, 21, '127.0.0.1', '2021-04-29 09:22:33.341361', NULL);
INSERT INTO public.connection VALUES (219, 10, '127.0.0.1', '2021-05-02 10:32:09.684875', NULL);
INSERT INTO public.connection VALUES (220, 10, '127.0.0.1', '2021-05-03 09:41:25.59408', '2021-05-04 07:19:51.965699');
INSERT INTO public.connection VALUES (221, 7, '127.0.0.1', '2021-05-04 07:20:18.310689', '2021-05-04 09:17:15.594349');
INSERT INTO public.connection VALUES (222, 13, '127.0.0.1', '2021-05-04 09:17:33.317535', '2021-05-04 09:49:45.442458');
INSERT INTO public.connection VALUES (223, 6, '127.0.0.1', '2021-05-04 09:50:14.294291', '2021-05-04 09:59:38.518577');
INSERT INTO public.connection VALUES (224, 10, '127.0.0.1', '2021-05-04 09:59:47.531402', '2021-05-04 10:17:58.006889');
INSERT INTO public.connection VALUES (225, 11, '127.0.0.1', '2021-05-04 10:18:11.329843', '2021-05-04 10:20:05.062755');
INSERT INTO public.connection VALUES (226, 10, '127.0.0.1', '2021-05-04 10:20:15.951748', '2021-05-04 10:40:33.860262');
INSERT INTO public.connection VALUES (227, 7, '127.0.0.1', '2021-05-04 10:40:46.980311', '2021-05-04 10:48:39.074942');
INSERT INTO public.connection VALUES (228, 11, '127.0.0.1', '2021-05-04 10:48:49.868089', '2021-05-04 11:11:09.806956');
INSERT INTO public.connection VALUES (229, 10, '127.0.0.1', '2021-05-04 11:11:17.404526', '2021-05-04 11:28:44.070093');
INSERT INTO public.connection VALUES (230, 16, '127.0.0.1', '2021-05-04 11:29:47.882027', '2021-05-04 12:19:54.961303');
INSERT INTO public.connection VALUES (216, 22, '127.0.0.1', '2021-04-29 07:38:21.808158', '2021-05-05 08:58:22.924523');
INSERT INTO public.connection VALUES (231, 10, '127.0.0.1', '2021-05-04 12:20:15.844275', '2021-05-12 07:35:57.019996');
INSERT INTO public.connection VALUES (232, 10, '127.0.0.1', '2021-05-12 07:45:45.919412', NULL);
INSERT INTO public.connection VALUES (233, 10, '127.0.0.1', '2021-05-12 08:49:57.993982', NULL);
INSERT INTO public.connection VALUES (234, 10, '127.0.0.1', '2021-05-12 08:55:00.104526', NULL);
INSERT INTO public.connection VALUES (235, 10, '127.0.0.1', '2021-05-12 08:57:26.243216', '2021-05-18 08:10:54.340691');
INSERT INTO public.connection VALUES (237, 10, '127.0.0.1', '2021-05-18 08:24:05.878629', '2021-05-18 08:25:57.254533');
INSERT INTO public.connection VALUES (238, 11, '127.0.0.1', '2021-05-18 08:26:20.831131', NULL);
INSERT INTO public.connection VALUES (236, 15, '127.0.0.1', '2021-05-18 08:11:34.50355', '2021-05-18 08:59:24.022692');
INSERT INTO public.connection VALUES (240, 5, '127.0.0.1', '2021-05-18 09:04:28.049553', '2021-05-18 09:28:12.555808');
INSERT INTO public.connection VALUES (241, 16, '127.0.0.1', '2021-05-18 09:28:53.597256', '2021-05-18 09:33:40.195728');
INSERT INTO public.connection VALUES (242, 21, '127.0.0.1', '2021-05-18 09:33:51.25332', '2021-05-18 09:34:22.212585');
INSERT INTO public.connection VALUES (243, 10, '127.0.0.1', '2021-05-18 09:42:48.127328', NULL);
INSERT INTO public.connection VALUES (239, 11, '127.0.0.1', '2021-05-18 08:40:22.902804', '2021-05-18 10:07:14.453157');
INSERT INTO public.connection VALUES (244, 16, '127.0.0.1', '2021-05-18 10:07:26.032338', '2021-05-18 10:08:26.444617');
INSERT INTO public.connection VALUES (245, 22, '127.0.0.1', '2021-05-18 10:08:48.281071', '2021-05-18 10:09:12.420687');
INSERT INTO public.connection VALUES (246, 11, '127.0.0.1', '2021-05-18 10:09:38.694306', '2021-05-18 10:41:39.08261');
INSERT INTO public.connection VALUES (247, 11, '127.0.0.1', '2021-05-18 11:09:22.864425', NULL);


INSERT INTO public.topic VALUES ('Piscine', '2021-04-09 09:02:36.549584');
INSERT INTO public.topic VALUES ('Peluche', '2021-04-09 09:02:36.549584');
INSERT INTO public.topic VALUES ('Gerontologie', '2021-04-09 09:02:36.549584');
INSERT INTO public.topic VALUES ('Manipulation', '2021-04-09 09:02:36.549584');
INSERT INTO public.topic VALUES ('Blitz', '2021-04-09 09:02:36.549584');
INSERT INTO public.topic VALUES ('Mercedes', '2021-04-09 09:02:36.549584');
INSERT INTO public.topic VALUES ('Restaurant', '2021-04-11 08:22:46.570159');
INSERT INTO public.topic VALUES ('Concert', '2021-04-11 08:22:46.570159');
INSERT INTO public.topic VALUES ('Lecture', '2021-04-11 08:22:46.570159');
INSERT INTO public.topic VALUES ('Musée', '2021-04-11 08:22:46.570159');
INSERT INTO public.topic VALUES ('Art', '2021-04-11 08:22:46.570159');
INSERT INTO public.topic VALUES ('Sports', '2021-04-11 08:22:46.570159');
INSERT INTO public.topic VALUES ('Jeu', '2021-04-11 08:22:46.570159');
INSERT INTO public.topic VALUES ('Nature', '2021-04-11 08:22:46.570159');
INSERT INTO public.topic VALUES ('Voyages', '2021-04-11 08:22:46.570159');
INSERT INTO public.topic VALUES ('Jardinage', '2021-04-11 08:22:46.570159');
INSERT INTO public.topic VALUES ('Cuisine', '2021-04-11 08:22:46.570159');
INSERT INTO public.topic VALUES ('Gastronomie', '2021-04-11 08:22:46.570159');
INSERT INTO public.topic VALUES ('Sorties', '2021-04-11 08:22:46.570159');
INSERT INTO public.topic VALUES ('Automobile', '2021-04-11 08:22:46.570159');
INSERT INTO public.topic VALUES ('Television', '2021-04-11 08:22:46.570159');
INSERT INTO public.topic VALUES ('Cinema', '2021-04-11 08:22:46.570159');
INSERT INTO public.topic VALUES ('Bio', '2021-04-11 08:32:57.864048');
INSERT INTO public.topic VALUES ('Geek', '2021-04-11 08:32:57.864048');
INSERT INTO public.topic VALUES ('Piercing', '2021-04-11 08:32:57.864048');
INSERT INTO public.topic VALUES ('Vegan', '2021-04-11 08:32:57.864048');
INSERT INTO public.topic VALUES ('Histoire', '2021-04-11 08:32:57.864048');
INSERT INTO public.topic VALUES ('Architecture', '2021-04-11 08:32:57.864048');
INSERT INTO public.topic VALUES ('Pêche', '2021-04-11 08:32:57.864048');
INSERT INTO public.topic VALUES ('Parachuisme', '2021-04-11 08:32:57.864048');
INSERT INTO public.topic VALUES ('Danse', '2021-04-21 12:21:50.622572');
INSERT INTO public.topic VALUES ('Photographie', '2021-04-21 12:28:20.37701');
INSERT INTO public.topic VALUES ('Peinture', '2021-04-21 12:54:19.732887');
INSERT INTO public.topic VALUES ('Escrime', '2021-04-22 09:08:33.966086');
INSERT INTO public.topic VALUES ('Informatique', '2021-04-26 07:46:33.026781');
INSERT INTO public.topic VALUES ('Randonnées', '2021-04-21 12:29:00.399821');
INSERT INTO public.topic VALUES ('Théatre', '2021-04-27 08:16:24.0213');
INSERT INTO public.topic VALUES ('Philatelie', '2021-05-28 12:49:27.317087');


-- password is unique = PasseMot0
INSERT INTO public.users VALUES (1, 'Donald', 'Trump', 'Duck', '8408ff8b4eb12ae70bb99055a571586620be97f5', 'Blond au tweet feroce', 'donald@duck.us', true, false, NULL, 'Male', 'Hetero', '1946-06-14', 38.89783, -77.03650, -1, '2021-04-09 09:02:36.549584', '2021-04-09 09:02:36.549584');
INSERT INTO public.users VALUES (2, 'Angela', 'Merkel', 'LaBombe', 'b051e9143c2bbe4cb2e0f797ef0e60aefe2e2283', 'Mon serieux est mon principal atout', 'angela@frech.de', true, false, NULL, 'Female', 'Hetero', '1954-07-17', 52.52021, 13.36924, 0, '2021-04-09 09:02:36.549584', '2021-05-28 09:09:24.848434');
INSERT INTO public.users VALUES (3, 'Emmanuel', 'Macron', 'Le Kiki', '2b912813da1e65a92c56b8505847ea3ed4c5ea61', 'Passionne des antiquites', 'manu@narcisse.com', true, false, NULL, 'Male', 'Bi', '1977-12-21', 48.87120, 2.31650, 0, '2021-04-09 09:02:36.549584', '2021-05-18 10:10:23.785694');
INSERT INTO public.users VALUES (4, 'Fogiel', 'Marc-Olivier', 'marcopapolo', '2dc3f30fd6e5cf6120d948b6ec00b462ea92ff31', 'Ouvert a toute les promotions', 'mo-fogiel@tetu.fr', true, false, NULL, 'Male', 'Homo', '1969-07-05', 48.83636, 2.27387, 1, '2021-04-09 09:02:36.549584', '2021-04-27 10:00:39.615892');
INSERT INTO public.users VALUES (5, 'Elric', 'De Melnibonnée', 'elric', '9d16f572d8ec4336f5121de759fd1ee9c7f2f314', 'Du sang et des âmes pour mon seigneur Arioch !
Pour la preservation de l''antique Melnibonnée
', 'matcha@ik.me', true, true, '', 'Male', 'Hetero', '1967-12-05', 45.78069, 4.73777, 0, '2021-04-07 12:24:59.79232', '2021-05-28 08:42:46.261896');
INSERT INTO public.users VALUES (6, 'Pol', 'Gara', 'Pol', '8f4ec6f891bc405e799d549c413057c2d52bca2c', 'Puissante sorcière aux pouvoirs aussi ravageurs que son humour !', 'matcha@ik.me', true, false, '', 'Female', 'Hetero', '1980-05-15', 59.93222, 30.35308, 0, '2021-04-07 12:25:21.768918', '2021-05-28 10:03:52.388099');
INSERT INTO public.users VALUES (7, 'Henri', 'de Toulouse Lautrec', 'lautrec', 'fc29eb7bc0fdf107a70a3f9fc3b13a247ccd9d34', 'Peintre, amateur de bordels', 'matcha@ik.me', true, false, '', 'Male', 'Hetero', '1864-11-24', 43.92842, 2.14342, 33, '2021-04-06 13:20:19.89491', '2021-05-31 10:28:42.522335');
INSERT INTO public.users VALUES (8, 'Misse', 'Ara', 'Aramis', '828b7f73e3287dc5c3aa9ec8c8d8fecd983a2443', '', 'matcha@ik.me', true, false, '', NULL, NULL, NULL, 48.88704, 2.37370, 0, '2021-04-08 11:45:05.188755', '2021-05-18 11:15:19.517549');
INSERT INTO public.users VALUES (9, 'LaFronde', 'Thierry', 'Thierry', '1a40e05434d2d1a26885569d8fb3bd888473500f', '', 'matcha@ik.me', true, false, '', 'Male', 'Hetero', '1992-04-09', 47.59274, 1.33324, 50, '2021-04-08 12:40:38.403396', '2021-05-28 09:29:54.399699');
INSERT INTO public.users VALUES (10, 'Olivier', 'Gasnier', 'pegase7', '5ae518a42d43a56d2edb4f36fb96874ac8baae37', 'Lorem ipsum dolor sit amet consectetur adipisicing elit. Excepturi necessitatibus nihil illo eveniet cumque minus? Voluptatem asperiores earum laudantium voluptatibus fugit aperiam recusandae tempore corporis ad. Dicta veritatis labore beatae et. Dicta sunt, delectus, quo sit quos consequatur at temporibus sequi modi vel perferendis. Ex, neque odit possimus obcaecati nulla mollitia distinctio inventore, maiores esse quisquam nostrum rem reiciendis praesentium provident ut, fugit doloribus iusto molestias tempore! Molestias ab nemo voluptatibus expedita fuga sequi voluptates alias earum laboriosam temporibus repellat et, magnam distinctio dignissimos debitis quidem sed cumque explicabo aliquid saepe ad, facilis neque! Provident dolores, atque architecto doloribus ex eaque. Magni accusantium veniam id a vel! Recusandae ex harum sed facere perferendis. Ad cupiditate officia minus dolorem sed nihil fugit voluptatem pariatur sit id accusamus nesciunt eum dicta aliquid in, totam odit fugiat quas explicabo, iste tempore perspiciatis! Eveniet vitae, rem cupiditate asperiores dolor a esse. Sequi cumque necessitatibus suscipit laudantium, et dicta corporis eligendi facilis! Dolore sequi sed enim facere ipsa est, quidem doloribus ullam error minima veritatis quibusdam provident blanditiis inventore dicta. Dolor sapiente temporibus, nam quam magni nostrum nulla, repellat alias ab beatae veritatis dolorum repudiandae ut perferendis, cum atque aperiam exercitationem dolores. Cumque dolores a consequuntur exercitationem suscipit nemo illo eligendi alias minus provident totam inventore, in neque aliquid vero reprehenderit error dignissimos eum optio repudiandae. Id modi, quos unde facere quo labore laboriosam fugit dicta ea libero assumenda neque. Commodi, deleniti! Animi provident itaque ullam. Unde consequatur saepe expedita tempore fugiat ex. Nam, explicabo.', 'matcha@ik.me', true, false, NULL, 'Male', 'Hetero', '1967-09-18', 46.10904, 3.46267, 44, '2021-04-09 07:25:20.498829', '2021-05-28 12:50:16.474342');
INSERT INTO public.users VALUES (11, 'Houmana', 'France', 'Houmana', '52dca7474ebdfa026161486bd14d3b30b55f6821', 'Une fille des iles', 'matcha@ik.me', true, false, NULL, 'Female', 'Hetero', '1980-07-16', -17.53042, -149.56255, 66, '2021-04-09 10:54:29.381647', '2021-05-28 12:41:34.311617');
INSERT INTO public.users VALUES (12, 'Fred', 'Heric', 'Fred', '19dc328b62b8b0777619edafddb18b576df54014', NULL, 'matcha@ik.me', false, false, '38Kdth1uiyNbUZX1F', NULL, NULL, NULL, 0.00000, 0.00000, -1, '2021-04-09 10:57:00.821599', '2021-04-09 10:57:00.821599');
INSERT INTO public.users VALUES (13, 'Peggy', 'Dav', 'peggy', '5ae518a42d43a56d2edb4f36fb96874ac8baae37', 'None', 'matcha@ik.me', true, false, NULL, 'Female', 'Hetero', '1968-07-10', 46.12449, 3.44604, 0, '2021-04-15 14:26:48.550652', '2021-05-28 09:08:59.115696');
INSERT INTO public.users VALUES (14, 'Aline', 'Hea', 'aline', 'bdf9cec40e911a7b45a7bcd0d493c3d5d9debe70', 'Lorem ipsum dolor sit amet consectetur adipisicing elit. Officia, voluptatum iure! Laudantium voluptates odit cumque pariatur, molestiae sunt esse ullam, deleniti minima sit commodi consequuntur eveniet labore velit beatae dicta repellendus magnam animi neque rerum similique sint earum? Neque qui fuga, enim doloribus ex possimus incidunt libero vero iure similique?', 'matcha@ik.me', true, false, NULL, 'Female', 'Homo', '1974-06-19', 46.13607, 3.38838, 33, '2021-04-22 13:36:53.240225', '2021-05-28 09:19:35.873102');
INSERT INTO public.users VALUES (15, 'Albert', 'Haibask', 'albert', 'bdf9cec40e911a7b45a7bcd0d493c3d5d9debe70', 'None', 'matcha@ik.me', true, false, NULL, 'Male', 'Bi', '1984-06-14', 43.41103, -1.58980, 25, '2021-04-26 13:20:52.65997', '2021-05-28 10:13:41.261003');
INSERT INTO public.users VALUES (16, 'Paul', 'Hochon', 'paul', '5f010b36258ac1c3f15fbaf1da6d20fb25202487', 'taga zou', 'matcha@ik.me', true, false, NULL, 'Male', 'Homo', '1987-06-10', 45.04536, 5.05353, 1, '2021-04-27 09:48:19.363589', '2021-05-18 08:59:16.401597');
INSERT INTO public.users VALUES (17, 'Anne', 'Onyme', 'anne', '5f8cdc90af6ca19e16e0eca81ddb590eae13ab2a', 'qwertyuioasdfghjklzxcvbnm,', 'matcha@ik.me', true, true, NULL, 'Female', 'Homo', '1997-01-29', 47.31462, 5.03975, 0, '2021-04-27 10:42:51.757609', '2021-05-28 08:46:31.911939');
INSERT INTO public.users VALUES (18, 'Irene', 'Desnaige', 'irene', '0d2864513342c57dc03c142470a88b125c6266a0', 'ftyftyfffyb.  nkkn jb iuh kh ', 'matcha@ik.me', true, false, NULL, 'Female', 'Bi', '1996-06-15', 45.45146, 4.40095, 33, '2021-04-27 11:00:46.705133', '2021-05-31 10:09:05.494701');
INSERT INTO public.users VALUES (19, 'guillian', 'Aplut', 'guillian', '9f06ace6eee79dce3c745056c78abeb55e8cb975', 'None', 'matcha@ik.me', true, false, NULL, 'Male', 'Hetero', '1991-05-05', 46.51541, 4.94020, 25, '2021-04-27 11:10:00.592471', '2021-05-28 10:34:42.382739');
INSERT INTO public.users VALUES (20, 'Xavier', 'Faure', 'xavier', 'd06e47cae93dcc8085e2f206111a4e7e5453cb6f', NULL, 'matcha@ik.me', true, false, NULL, NULL, NULL, NULL, 2.33870, 48.85820, 0, '2021-04-28 11:18:46.809807', '2021-04-28 11:19:03.480638');
INSERT INTO public.users VALUES (21, 'Marlene', 'Attriquoté', 'marlene', '2dc3f30fd6e5cf6120d948b6ec00b462ea92ff31', NULL, 'matcha@ik.me', true, false, NULL, NULL, NULL, NULL, 48.86023, 2.34107, 0, '2021-04-28 11:22:06.601822', '2021-04-28 11:23:36.191254');
INSERT INTO public.users VALUES (22, 'Jade', 'Mear', 'jade', 'f4d3130d76ec4cc590cbe57d949f2b2b85b35bca', NULL, 'matcha@ik.me', true, false, NULL, NULL, NULL, NULL, 48.85820, 2.33870, 0, '2021-04-28 11:27:47.678694', '2021-04-28 11:27:58.740088');
INSERT INTO public.users VALUES (23, 'Laure', 'Igan', 'laure', 'fc29eb7bc0fdf107a70a3f9fc3b13a247ccd9d34', 'A la recherche de l''amour', 'matcha@ik.me', true, false, NULL, 'Female', 'Hetero', '1977-07-18', 48.85820, 2.33870, 100, '2021-05-28 09:49:53.967122', '2021-05-28 12:41:39.030869');
INSERT INTO public.users VALUES (24, 'Martine', 'Iquaise', 'martine', '2dc3f30fd6e5cf6120d948b6ec00b462ea92ff31', 'None', 'matcha@ik.me', true, false, NULL, 'Female', 'Hetero', '1959-06-27', 48.85820, 2.33870, 0, '2021-05-28 10:23:34.694984', '2021-05-28 12:41:23.539106');



INSERT INTO public.users_topic VALUES (1, 'Piscine');
INSERT INTO public.users_topic VALUES (1, 'Manipulation');
INSERT INTO public.users_topic VALUES (2, 'Blitz');
INSERT INTO public.users_topic VALUES (2, 'Mercedes');
INSERT INTO public.users_topic VALUES (3, 'Peluche');
INSERT INTO public.users_topic VALUES (3, 'Gerontologie');
INSERT INTO public.users_topic VALUES (3, 'Manipulation');
INSERT INTO public.users_topic VALUES (4, 'Piscine');
INSERT INTO public.users_topic VALUES (4, 'Mercedes');
INSERT INTO public.users_topic VALUES (5, 'Lecture');
INSERT INTO public.users_topic VALUES (5, 'Musée');
INSERT INTO public.users_topic VALUES (5, 'Art');
INSERT INTO public.users_topic VALUES (5, 'Jeu');
INSERT INTO public.users_topic VALUES (5, 'Nature');
INSERT INTO public.users_topic VALUES (5, 'Gastronomie');
INSERT INTO public.users_topic VALUES (5, 'Histoire');
INSERT INTO public.users_topic VALUES (13, 'Nature');
INSERT INTO public.users_topic VALUES (13, 'Lecture');
INSERT INTO public.users_topic VALUES (13, 'Photographie');
INSERT INTO public.users_topic VALUES (13, 'Danse');
INSERT INTO public.users_topic VALUES (15, 'Danse');
INSERT INTO public.users_topic VALUES (7, 'Art');
INSERT INTO public.users_topic VALUES (7, 'Musée');
INSERT INTO public.users_topic VALUES (7, 'Lecture');
INSERT INTO public.users_topic VALUES (7, 'Gastronomie');
INSERT INTO public.users_topic VALUES (7, 'Peinture');
INSERT INTO public.users_topic VALUES (14, 'Nature');
INSERT INTO public.users_topic VALUES (14, 'Parachuisme');
INSERT INTO public.users_topic VALUES (14, 'Peinture');
INSERT INTO public.users_topic VALUES (14, 'Jeu');
INSERT INTO public.users_topic VALUES (16, 'Television');
INSERT INTO public.users_topic VALUES (16, 'Restaurant');
INSERT INTO public.users_topic VALUES (16, 'Pêche');
INSERT INTO public.users_topic VALUES (6, 'Concert');
INSERT INTO public.users_topic VALUES (6, 'Art');
INSERT INTO public.users_topic VALUES (6, 'Voyages');
INSERT INTO public.users_topic VALUES (6, 'Cuisine');
INSERT INTO public.users_topic VALUES (16, 'Blitz');
INSERT INTO public.users_topic VALUES (15, 'Concert');
INSERT INTO public.users_topic VALUES (15, 'Jeu');
INSERT INTO public.users_topic VALUES (17, 'Vegan');
INSERT INTO public.users_topic VALUES (17, 'Peluche');
INSERT INTO public.users_topic VALUES (17, 'Jeu');
INSERT INTO public.users_topic VALUES (17, 'Nature');
INSERT INTO public.users_topic VALUES (17, 'Voyages');
INSERT INTO public.users_topic VALUES (17, 'Théatre');
INSERT INTO public.users_topic VALUES (17, 'Histoire');
INSERT INTO public.users_topic VALUES (8, 'Escrime');
INSERT INTO public.users_topic VALUES (9, 'Escrime');
INSERT INTO public.users_topic VALUES (9, 'Histoire');
INSERT INTO public.users_topic VALUES (9, 'Gastronomie');
INSERT INTO public.users_topic VALUES (11, 'Piscine');
INSERT INTO public.users_topic VALUES (11, 'Sports');
INSERT INTO public.users_topic VALUES (11, 'Nature');
INSERT INTO public.users_topic VALUES (11, 'Pêche');
INSERT INTO public.users_topic VALUES (19, 'Cuisine');
INSERT INTO public.users_topic VALUES (19, 'Art');
INSERT INTO public.users_topic VALUES (19, 'Mercedes');
INSERT INTO public.users_topic VALUES (19, 'Cinema');
INSERT INTO public.users_topic VALUES (19, 'Randonnées');
INSERT INTO public.users_topic VALUES (10, 'Lecture');
INSERT INTO public.users_topic VALUES (10, 'Gastronomie');
INSERT INTO public.users_topic VALUES (10, 'Photographie');
INSERT INTO public.users_topic VALUES (10, 'Informatique');
INSERT INTO public.users_topic VALUES (10, 'Concert');
INSERT INTO public.users_topic VALUES (10, 'Musée');
INSERT INTO public.users_topic VALUES (10, 'Piscine');
INSERT INTO public.users_topic VALUES (10, 'Jeu');
INSERT INTO public.users_topic VALUES (10, 'Architecture');
INSERT INTO public.users_topic VALUES (10, 'Nature');
INSERT INTO public.users_topic VALUES (10, 'Voyages');
INSERT INTO public.users_topic VALUES (10, 'Théatre');
INSERT INTO public.users_topic VALUES (10, 'Restaurant');
INSERT INTO public.users_topic VALUES (10, 'Cuisine');
INSERT INTO public.users_topic VALUES (10, 'Histoire');
INSERT INTO public.users_topic VALUES (10, 'Art');
INSERT INTO public.users_topic VALUES (10, 'Sorties');
INSERT INTO public.users_topic VALUES (23, 'Histoire');
INSERT INTO public.users_topic VALUES (23, 'Gastronomie');
INSERT INTO public.users_topic VALUES (23, 'Art');
INSERT INTO public.users_topic VALUES (23, 'Cuisine');
INSERT INTO public.users_topic VALUES (23, 'Peinture');
INSERT INTO public.users_topic VALUES (23, 'Randonnées');
INSERT INTO public.users_topic VALUES (23, 'Photographie');
INSERT INTO public.users_topic VALUES (23, 'Jardinage');
INSERT INTO public.users_topic VALUES (24, 'Nature');
INSERT INTO public.users_topic VALUES (24, 'Gastronomie');
INSERT INTO public.users_topic VALUES (24, 'Television');
INSERT INTO public.users_topic VALUES (24, 'Restaurant');
INSERT INTO public.users_topic VALUES (24, 'Sorties');
INSERT INTO public.users_topic VALUES (24, 'Pêche');
INSERT INTO public.users_topic VALUES (24, 'Randonnées');
INSERT INTO public.users_topic VALUES (18, 'Philatelie');
INSERT INTO public.users_topic VALUES (18, 'Piscine');
INSERT INTO public.users_topic VALUES (18, 'Cinema');
INSERT INTO public.users_topic VALUES (18, 'Musée');
INSERT INTO public.users_topic VALUES (18, 'Peinture');

INSERT INTO public.visit VALUES (3, 10, 6, 1, false, false, false, '2021-04-22 07:43:54.653292', '2021-04-22 07:43:54.653292');
INSERT INTO public.visit VALUES (34, 17, 18, 1, false, false, false, '2021-04-27 11:22:47.160821', '2021-04-27 11:22:47.160821');
INSERT INTO public.visit VALUES (20, 10, 14, 3, true, false, false, '2021-04-22 13:40:08.726549', '2021-04-23 08:14:12.269954');
INSERT INTO public.visit VALUES (27, 15, 16, 4, true, false, false, '2021-04-27 09:52:26.771251', '2021-05-18 10:07:48.052034');
INSERT INTO public.visit VALUES (42, 3, 11, 1, false, false, false, '2021-05-18 10:09:38.700405', '2021-05-18 10:09:38.700405');
INSERT INTO public.visit VALUES (14, 2, 10, 1, false, false, false, '2021-04-22 10:39:09.452456', '2021-04-22 10:39:09.452456');
INSERT INTO public.visit VALUES (43, 9, 11, 3, true, false, false, '2021-05-18 10:10:30.231123', '2021-05-18 10:11:02.249599');
INSERT INTO public.visit VALUES (44, 19, 11, 1, false, false, false, '2021-05-18 10:11:10.255312', '2021-05-18 10:11:10.255312');
INSERT INTO public.visit VALUES (11, 8, 11, 10, false, false, false, '2021-04-22 09:06:10.702047', '2021-05-18 11:13:09.514114');
INSERT INTO public.visit VALUES (13, 11, 8, 2, false, false, false, '2021-04-22 09:16:59.52434', '2021-04-23 10:37:39.003378');
INSERT INTO public.visit VALUES (8, 11, 7, 5, true, false, false, '2021-04-22 09:03:54.750822', '2021-05-04 08:31:16.856369');
INSERT INTO public.visit VALUES (2, 10, 13, 2, false, false, false, '2021-04-22 07:43:21.130006', '2021-05-04 09:17:33.327898');
INSERT INTO public.visit VALUES (37, 6, 13, 1, false, false, false, '2021-05-04 09:18:30.935782', '2021-05-04 09:18:30.935782');
INSERT INTO public.visit VALUES (19, 13, 6, 2, false, false, false, '2021-04-22 12:55:39.363172', '2021-05-04 09:50:14.301177');
INSERT INTO public.visit VALUES (15, 7, 6, 7, false, false, false, '2021-04-22 10:53:49.819189', '2021-05-04 09:51:34.326443');
INSERT INTO public.visit VALUES (7, 6, 7, 1, false, false, false, '2021-04-22 08:55:16.991628', '2021-04-22 08:55:16.991628');
INSERT INTO public.visit VALUES (16, 8, 6, 11, false, false, false, '2021-04-22 10:55:26.153082', '2021-04-22 11:14:26.942256');
INSERT INTO public.visit VALUES (38, 6, 15, 1, false, false, false, '2021-05-18 08:40:50.016581', '2021-05-18 08:40:50.016581');
INSERT INTO public.visit VALUES (17, 10, 5, 1, false, false, false, '2021-04-22 12:42:45.539918', '2021-04-22 12:42:45.539918');
INSERT INTO public.visit VALUES (18, 5, 6, 1, false, false, false, '2021-04-22 12:43:30.600312', '2021-04-22 12:43:30.600312');
INSERT INTO public.visit VALUES (39, 16, 15, 3, false, false, false, '2021-05-18 08:41:33.492855', '2021-05-18 08:59:14.501565');
INSERT INTO public.visit VALUES (40, 13, 5, 1, false, false, false, '2021-05-18 09:04:28.056538', '2021-05-18 09:04:28.056538');
INSERT INTO public.visit VALUES (41, 2, 5, 2, false, false, false, '2021-05-18 09:07:12.032221', '2021-05-18 09:07:20.380465');
INSERT INTO public.visit VALUES (22, 8, 8, 2, false, false, false, '2021-04-23 09:58:19.569623', '2021-04-26 07:57:52.128996');
INSERT INTO public.visit VALUES (24, 3, 10, 2, false, false, false, '2021-04-26 14:35:33.034227', '2021-04-26 14:47:00.146585');
INSERT INTO public.visit VALUES (23, 15, 10, 2, false, false, false, '2021-04-26 14:34:44.26462', '2021-04-26 14:50:06.891048');
INSERT INTO public.visit VALUES (26, 15, 6, 1, false, false, false, '2021-04-26 14:51:17.844505', '2021-04-26 14:51:17.844505');
INSERT INTO public.visit VALUES (9, 10, 11, 7, true, false, false, '2021-04-22 09:05:07.070761', '2021-05-18 10:06:44.276161');
INSERT INTO public.visit VALUES (28, 3, 16, 1, false, false, false, '2021-04-27 09:53:21.663945', '2021-04-27 09:53:21.663945');
INSERT INTO public.visit VALUES (29, 4, 16, 2, false, false, false, '2021-04-27 10:00:01.59296', '2021-04-27 10:00:26.06149');
INSERT INTO public.visit VALUES (30, 14, 17, 1, false, false, false, '2021-04-27 10:51:30.118713', '2021-04-27 10:51:30.118713');
INSERT INTO public.visit VALUES (32, 18, 19, 2, false, false, false, '2021-04-27 11:13:08.012777', '2021-04-27 11:14:16.398973');
INSERT INTO public.visit VALUES (45, 17, 10, 4, false, false, false, '2021-05-26 11:07:36.892798', '2021-05-28 08:42:54.151563');
INSERT INTO public.visit VALUES (49, 18, 7, 1, false, false, false, '2021-05-28 09:08:20.046201', '2021-05-28 09:08:20.046201');
INSERT INTO public.visit VALUES (4, 13, 10, 36, false, false, false, '2021-04-22 07:44:23.34338', '2021-05-28 09:08:37.352935');
INSERT INTO public.visit VALUES (50, 2, 7, 1, false, false, false, '2021-05-28 09:08:59.743652', '2021-05-28 09:08:59.743652');
INSERT INTO public.visit VALUES (21, 14, 10, 62, true, false, false, '2021-04-22 13:42:40.698447', '2021-05-28 09:13:25.460023');
INSERT INTO public.visit VALUES (6, 10, 10, 91, true, false, false, '2021-04-22 07:52:54.433185', '2021-05-26 12:56:22.142533');
INSERT INTO public.visit VALUES (33, 19, 18, 5, false, false, false, '2021-04-27 11:22:00.463517', '2021-05-28 09:18:51.75577');
INSERT INTO public.visit VALUES (48, 7, 18, 3, true, false, false, '2021-05-28 09:08:03.620231', '2021-05-28 09:18:59.06228');
INSERT INTO public.visit VALUES (35, 14, 18, 3, false, false, false, '2021-04-27 11:23:13.960314', '2021-05-28 09:19:28.832963');
INSERT INTO public.visit VALUES (25, 9, 6, 2, false, false, false, '2021-04-26 14:50:39.852914', '2021-05-28 09:27:26.017389');
INSERT INTO public.visit VALUES (51, 10, 23, 2, true, false, false, '2021-05-28 09:54:02.343584', '2021-05-28 09:54:29.906843');
INSERT INTO public.visit VALUES (5, 6, 10, 34, false, true, true, '2021-04-22 07:44:36.31943', '2021-05-28 10:01:55.818846');
INSERT INTO public.visit VALUES (53, 15, 23, 1, false, false, false, '2021-05-28 10:03:52.680851', '2021-05-28 10:03:52.680851');
INSERT INTO public.visit VALUES (54, 19, 23, 1, false, false, false, '2021-05-28 10:13:41.423588', '2021-05-28 10:13:41.423588');
INSERT INTO public.visit VALUES (56, 10, 24, 1, false, false, false, '2021-05-28 10:29:11.205231', '2021-05-28 10:29:11.205231');
INSERT INTO public.visit VALUES (55, 19, 24, 4, true, false, false, '2021-05-28 10:28:37.239806', '2021-05-28 10:31:05.673197');
INSERT INTO public.visit VALUES (57, 24, 10, 1, false, false, false, '2021-05-28 12:41:21.042901', '2021-05-28 12:41:21.042901');
INSERT INTO public.visit VALUES (10, 11, 10, 63, true, false, false, '2021-04-22 09:05:51.782204', '2021-05-28 12:41:24.199924');
INSERT INTO public.visit VALUES (52, 23, 10, 4, true, false, false, '2021-05-28 09:54:46.665846', '2021-05-28 12:41:34.650955');
INSERT INTO public.visit VALUES (31, 10, 18, 4, false, false, false, '2021-04-27 11:05:16.427444', '2021-05-28 12:49:27.324524');
INSERT INTO public.visit VALUES (36, 18, 10, 23, true, false, false, '2021-04-27 11:23:37.575976', '2021-05-31 10:07:27.024014');
INSERT INTO public.visit VALUES (12, 7, 11, 7, false, false, false, '2021-04-22 09:15:22.5255', '2021-05-31 10:09:06.577966');
INSERT INTO public.visit VALUES (1, 5, 10, 53, false, false, true, '2021-04-22 07:42:52.655962', '2021-05-28 08:41:17.770524');

INSERT INTO public.room VALUES (1, '{2,3}', false, '2021-04-09 09:02:36.549584', '2021-04-09 09:02:36.549584');
INSERT INTO public.room VALUES (2, '{2,1}', false, '2021-04-09 09:02:36.549584', '2021-04-09 09:02:36.549584');
INSERT INTO public.room VALUES (3, '{4,3}', true, '2021-05-18 12:51:32.452186', '2021-05-18 12:51:32.452186');

insert into message(room_id, sender_id, chat) values (1,3, 'Que dois-je faire pour l''Astra-Zeneca');
insert into message(room_id, sender_id, chat) values (1,2, 'Faut faire gaffe');
insert into message(room_id, sender_id, chat) values (1,3, 'Zut, mon PM a dit hier que c''etait OK');
insert into message(room_id, sender_id, chat) values (1,2, 'T''as plus qu''a le contredire!');
insert into message(room_id, sender_id, chat) values (1,2, 'Ce ne sera qu''une fois de plus!!!!');

INSERT INTO public.notification VALUES (1, 1, 2, 'Message', true, '2021-05-12 14:00:03.601513');
INSERT INTO public.notification VALUES (2, 1, 2, 'Message', true, '2021-05-12 14:00:07.632185');
INSERT INTO public.notification VALUES (3, 3, 2, 'Message', true, '2021-05-12 14:00:27.080248');
INSERT INTO public.notification VALUES (4, 1, 2, 'Message', true, '2021-05-12 14:07:57.382669');
INSERT INTO public.notification VALUES (5, 3, 2, 'Message', true, '2021-05-12 14:09:02.095512');
INSERT INTO public.notification VALUES (6, 1, 2, 'Message', true, '2021-05-12 14:22:40.880747');
INSERT INTO public.notification VALUES (7, 3, 2, 'Message', true, '2021-05-12 14:24:16.077394');
INSERT INTO public.notification VALUES (8, 2, 10, 'Visit', false, '2021-05-17 11:05:57.147959');
INSERT INTO public.notification VALUES (9, 2, 5, 'Visit', false, '2021-05-17 11:06:14.772374');
INSERT INTO public.notification VALUES (10, 2, 4, 'Visit', false, '2021-05-17 11:42:51.780718');
INSERT INTO public.notification VALUES (11, 2, 4, 'Like', false, '2021-05-17 11:42:51.785489');
INSERT INTO public.notification VALUES (12, 2, 4, 'Visit', false, '2021-05-17 11:44:08.133183');
INSERT INTO public.notification VALUES (13, 2, 4, 'Visit', false, '2021-05-17 13:26:39.653969');
INSERT INTO public.notification VALUES (14, 2, 4, 'Dislike', false, '2021-05-17 13:26:39.658846');
INSERT INTO public.notification VALUES (15, 2, 4, 'Visit', false, '2021-05-17 13:27:19.909215');
INSERT INTO public.notification VALUES (16, 2, 4, 'Like', false, '2021-05-17 13:27:19.913316');

commit;

ALTER sequence public.CONNECTION_ID_SEQ RESTART 248 START 248 MINVALUE 248;
ALTER sequence public.NOTIFICATION_ID_SEQ START 76 RESTART 76 MINVALUE 17;
ALTER sequence public.USERS_ID_SEQ START 25 RESTART 25 MINVALUE 25;
ALTER sequence public.VISIT_ID_SEQ START 45 RESTART 45 MINVALUE 45;
ALTER sequence public.ROOM_ID_SEQ START 4 RESTART 4 MINVALUE 4;

commit;